Company Name,Domain,Website,Employee Count,Hiring?,Hiring Reasoning,Additional Sources,AI Reasoning,Purchase Probability %
onobbq.com,onobbq.com,http://onobbq.com,,No,Could not access website,,Could not extract text from website,N/A
TuSimple,tusimple.ai,http://tusimple.ai,780,No,Could not access website,,Could not extract text from website,N/A
Open Dental Software,opendental.com,http://opendental.com,,No,"The analysis of Open Dental's website and additional sources indicates that while there is a careers page, it does not contain any specific job listings, open positions, or application forms. The content reviewed does not provide any concrete evidence of job availability, such as current job openings or explicit instructions on how to apply for a position. The presence of a careers page alone is insufficient to demonstrate active hiring. Therefore, there is no evidence to support that Open Dental is currently hiring.","Careers page info: Careers page exists but no clear job listings | AI decided to stop exploring: The current page does not contain any strong hiring indicators such as job listings or career opportunities. The available links do not suggest any hiring information either, as they lead to general content about the software and services offered by Open Dental. Therefore, there is no need to explore further.","PERCENTAGE: [15%]  
REASONING:  

To arrive at the probability that the company would be interested in the Autonomous Brainy AI workstation series, I considered several key factors:

1. **Industry Fit**: The company specializes in dental practice management software. While AI can be beneficial in healthcare, particularly in diagnostics and patient management, the specific application of high-performance AI workstations is less directly relevant to dental software development. This factor decreases the probability of interest.

2. **Company Size and Focus**: The text indicates that the company offers comprehensive software solutions for dental practices. This suggests a focus on software rather than hardware, which may limit their interest in investing in high-performance AI workstations. This factor also decreases the probability.

3. **Budget Considerations**: The price range of the Autonomous Brainy workstations is between $5,000 and $32,000. Given that the company is focused on providing affordable solutions for dental practices, it may not have the budget or inclination to invest heavily in high-performance hardware, especially if their current infrastructure meets their needs. This factor further decreases the probability.

4. **Urgency and Need**: There is no indication from the provided text that the company is currently seeking to enhance its AI capabilities or expand into areas that would require such high-performance workstations. Without a clear need or urgency, the probability of interest decreases.

5. **Recent News or Growth Signals**: The text does not provide any recent news or signals of growth that would indicate the company is expanding its capabilities or looking to invest in new technology. This lack of growth signals further decreases the probability.

Based on these considerations, I estimate the probability of interest at 15%. The reasoning behind not choosing a higher number is primarily due to the lack of direct relevance of the product to the company's core business and the absence of any signals indicating a need for such technology. A lower number was not chosen because there is still a possibility that the company may explore AI solutions in the future, albeit at a low probability.

**Calculation Process**:  
- Industry Fit: -20%  
- Company Size and Focus: -15%  
- Budget Considerations: -10%  
- Urgency and Need: -10%  
- Recent News or Growth Signals: -5%  
- Starting point (neutral): 100%  
- Total deduction: 70%  
- Final probability: 100% - 70% = 30%  
- Adjusted for relevance and specific context: 15%  

**OPEN ROLES**: None found.  
**RECENT NEWS OR GROWTH SIGNALS**: None found.  
**PRODUCT FIT**: Weak fit; the product is not directly relevant to the company's core offerings in dental software.  
**RED FLAGS**: None found.",15%
Csscompany,csscompany.com,http://csscompany.com,,No,"Upon analyzing the provided website content and the additional sources, there is no concrete evidence of job availability. The website does not contain a careers page, job listings, or any specific open positions. There are no application forms or explicit instructions for applying for jobs. The content primarily consists of product names and contact information without any mention of current job openings or hiring processes. Therefore, I conclude that there is no evidence to suggest that the company is actively hiring at this time.",No additional sources found | Explored 'http://csscompany.com/'. | AI wanted to visit an already explored page. Stopping this path.,"PERCENTAGE: [20%]

REASONING:
To arrive at the probability that City Storage Systems would be interested in the Autonomous Brainy AI workstation series, I considered several key factors:

1. **Industry Fit**: City Storage Systems operates in the cloud kitchen and retail space, which primarily focuses on logistics and food service solutions. The core of their business does not seem to involve heavy AI model training or research, which is the primary use case for the Autonomous Brainy workstations. This significantly decreases the probability of interest. (Negative impact: -30%)

2. **Company Size and Focus**: City Storage Systems appears to be a relatively large organization with a focus on operational efficiency in food services. While they may utilize technology, their primary needs likely revolve around logistics and supply chain management rather than high-performance AI computing. This further diminishes the relevance of our product to their operations. (Negative impact: -20%)

3. **Budget Considerations**: The price points of the Autonomous Brainy workstations range from $5,000 to $32,000. While City Storage Systems may have the budget to invest in technology, the specific need for high-performance AI workstations is unclear. If their focus is not on AI development, they may not allocate budget towards such purchases. (Negative impact: -10%)

4. **Urgency and Current Needs**: There is no indication from the provided text that City Storage Systems is currently seeking to enhance their AI capabilities or invest in AI infrastructure. Without a clear urgency or need, the likelihood of them being interested in our product is low. (Negative impact: -10%)

5. **Open Roles and Hiring Activity**: I did not find any specific open roles that indicate a push towards AI development or research within City Storage Systems. This suggests that they may not be expanding in areas that would require high-performance AI workstations. (Negative impact: -10%)

After considering these factors, I calculated the overall probability as follows:
- Starting point: 100%
- Negative impacts: -30% (industry fit) - 20% (company size and focus) - 10% (budget considerations) - 10% (urgency and current needs) - 10% (open roles and hiring activity) = -80%
- Final probability: 100% - 80% = 20%

I did not choose a higher number because the core business of City Storage Systems does not align with the primary use cases for the Autonomous Brainy workstations. A lower number was also not appropriate, as there may be some peripheral interest in AI technologies, but it is not a primary focus.

OPEN ROLES: None found.

RECENT NEWS OR GROWTH SIGNALS: No recent news or signals of growth were identified in the provided text.

PRODUCT FIT: Weak fit. The Autonomous Brainy workstations are designed for AI development and research, which does not align with the core business of City Storage Systems.

RED FLAGS: None found.",20%
f2design.com,f2design.com,http://f2design.com,,No,"After analyzing the company's website and additional sources, there is no concrete evidence of job availability. The website does not contain a careers page, job listings, or application forms. The LinkedIn page also does not provide any specific job openings or application instructions. The description mentions the company size as 2 employees and does not indicate any current hiring needs. Therefore, there are no explicit indications that jobs are available for application at this time.","LinkedIn info: LinkedIn page found: https://www.linkedin.com/company/f2-design | Company: F2 Design | Followers: 17 | Description: F2 Design  17 followers on LinkedIn. At f2, we strive to provide the best solutions to problems, no ... | Job indicators found: jobs | Company size: 2 employees | Industry: Design | Explored 'http://f2design.com/contact-us-five'. | Explored 'http://f2design.com/blog'. | AI wanted to visit an already explored page. Stopping this path.","PERCENTAGE: [30%]  
REASONING:  

To arrive at the probability that F2 Design would be interested in the Autonomous Brainy AI workstation series, I considered several key factors:

1. **Industry Fit**: F2 Design operates in the workspace design industry, focusing on creating aesthetically pleasing and functional office environments. While they emphasize thoughtful design and employee experience, their primary focus is not on AI or high-performance computing. This weakens the fit for our product, which is tailored for developers, researchers, and AI labs.  
   - **Impact**: Decreases probability.

2. **Company Size and Scope**: The information provided does not indicate the size of F2 Design in terms of employee count or revenue. However, their focus on design suggests they may not have the same level of need for high-performance AI workstations as tech companies or research labs would.  
   - **Impact**: Decreases probability.

3. **Budget Considerations**: The price points of the Autonomous Brainy workstations range from $5,000 to $32,000. Given that F2 Design's focus is on design rather than technology development, it is uncertain whether they have the budget allocated for such high-performance computing equipment.  
   - **Impact**: Decreases probability.

4. **Urgency and Need**: There is no indication that F2 Design is currently engaged in projects that would require the capabilities of the Autonomous Brainy workstations. Their projects seem to revolve around design rather than computational tasks that would necessitate such powerful hardware.  
   - **Impact**: Decreases probability.

5. **Potential for AI Integration**: While F2 Design may benefit from AI tools for design optimization or project management, the specific need for a high-performance AI workstation is not evident. Their focus appears to be more on aesthetics and functionality rather than computational power.  
   - **Impact**: Decreases probability.

**Calculation Process**:  
Starting with a baseline probability of 50% (indicating a neutral stance), I adjusted the percentage based on the factors above:
- Industry Fit: -10%
- Company Size and Scope: -5%
- Budget Considerations: -5%
- Urgency and Need: -5%
- Potential for AI Integration: -5%

This leads to a final probability estimate of 50% - 30% = 20%. However, considering that they may have some interest in innovative design solutions, I rounded this up to 30%.

**Why Not Higher or Lower**:  
I did not choose a higher number because the core business of F2 Design does not align closely with the needs that our product addresses. Conversely, I did not choose a lower number than 30% because there is a slight possibility that they may explore AI technologies for enhancing their design processes, albeit not as a primary focus.

---

**OPEN ROLES**: None found.  
**RECENT NEWS OR GROWTH SIGNALS**: None found.  
**PRODUCT FIT**: Weak fit; F2 Design's focus is on workspace design rather than AI or high-performance computing.  
**RED FLAGS**: None found.",30%
Starkey Hearing,starkey.com,http://starkey.com,2106,No,"The analysis of Starkey's website and additional sources indicates that while there is a careers page, it does not contain any specific job listings, open positions, or application forms. The information provided does not include any concrete evidence of job availability, such as current job openings or explicit instructions for applying. The presence of a careers page alone is insufficient to mark as actively hiring without explicit evidence of available jobs. Therefore, there is no basis to conclude that Starkey is currently hiring.","Careers page info: Careers page exists but no clear job listings | AI decided to stop exploring: The current page does not contain any strong hiring indicators such as job listings or a careers section. The available links do not lead to any hiring information, and there are no links related to careers or job opportunities. Therefore, it is best to stop the search for hiring information at this point.","PERCENTAGE: [10%]  
REASONING: 

To arrive at the probability that Starkey Laboratories, Inc. would be interested in the Autonomous Brainy AI workstation series, I considered several key factors:

1. **Industry Alignment**: Starkey operates in the hearing aid and audiology industry, which primarily focuses on medical devices and consumer electronics. The Autonomous Brainy, on the other hand, is targeted towards AI developers, researchers, and labs. There is a significant disconnect between the industries; Starkey is not primarily involved in AI research or development, which is a core focus of the Autonomous Brainy product line. This factor decreases the probability significantly.

2. **Product Fit**: The Autonomous Brainy is designed for high-performance AI workloads, which are not directly applicable to Starkey's current product offerings. Starkey's focus is on hearing aids and related technologies, which do not require the computational power or capabilities provided by the Autonomous Brainy. This weak product fit further reduces the likelihood of interest.

3. **Company Size and Focus**: Starkey is a well-established company with a specific focus on hearing technology. Their resources and investments are likely directed towards enhancing their existing product lines rather than exploring new technologies that are not aligned with their core business. This suggests a lower probability of interest in a product like the Autonomous Brainy.

4. **Budget Considerations**: The price range of the Autonomous Brainy workstations (from $5,000 to $32,000) may not align with Starkey's budget priorities, especially if they are not actively pursuing AI development. This could further decrease their interest.

5. **Urgency and Hiring Activity**: There is no indication from the provided text that Starkey is currently expanding into AI or related fields. Without any signals of urgency or hiring in AI-related roles, the probability remains low.

Based on these considerations, I estimate the probability of Starkey being interested in the Autonomous Brainy at 10%. This reflects a recognition of their established focus on hearing aids and the lack of alignment with AI workstation needs.

**Calculation Process**: 
- Industry Alignment: -30%
- Product Fit: -30%
- Company Size and Focus: -20%
- Budget Considerations: -10%
- Urgency and Hiring Activity: -10%
- Starting Point: 100% - (30 + 30 + 20 + 10 + 10) = 0% (but adjusted to a minimum of 10% for any potential interest)

**Why Not Higher or Lower**: I did not choose a higher number because the disconnect between the industries and product applications is significant. A lower number was avoided to acknowledge that there may be some peripheral interest in AI technologies, but it is minimal.

---

**OPEN ROLES**: None found.

**RECENT NEWS OR GROWTH SIGNALS**: No recent news or signals of growth were identified in the provided text.

**PRODUCT FIT**: Weak fit. The Autonomous Brainy does not align with Starkey's core business of hearing aids and audiology technology.

**RED FLAGS**: None found.",10%
We Are Cultura,wearecultura.com,http://wearecultura.com,75,No,"The company's website indicates that they are always looking for new talent and encourages potential candidates to send their resumes, but there are no specific job listings or open positions currently available. The ""Current Openings"" section explicitly states, ""There are no job openings available at this time."" Therefore, there is no concrete evidence of job availability, such as job listings, application forms, or open positions.",Careers page info: Careers page exists but no clear job listings | Explored 'https://wearecultura.com/careers/'. | AI wanted to visit an already explored page. Stopping this path.,"PERCENTAGE: [20%]  
REASONING: 

To arrive at the probability that Cultura would be interested in the Autonomous Brainy AI workstation series, I considered several key factors:

1. **Industry Fit**: Cultura operates as a full-service furniture dealership, primarily focusing on creating workspaces and enhancing company culture. Their core business revolves around furniture and workspace design rather than technology or AI solutions. This significantly decreases the likelihood of interest in high-performance AI workstations. **(Negative factor)**

2. **Company Size and Scope**: Cultura has been in business for 16 years and has serviced over 1250 companies. However, their focus is on physical workspace solutions, which does not align with the technological needs that the Autonomous Brainy addresses. **(Negative factor)**

3. **Product Fit**: The Autonomous Brainy is designed for developers, researchers, and AI labs, which does not seem to align with Cultura's mission of enhancing workplace environments through furniture and design. The product is tailored for high-performance computing tasks, which are likely outside the scope of Cultura's operations. **(Negative factor)**

4. **Budget Considerations**: The price range of the Autonomous Brainy workstations is between $5,000 and $32,000. While Cultura may have the financial capacity to invest in technology, their primary focus on furniture solutions suggests that they may not allocate budget towards AI workstations. **(Negative factor)**

5. **Urgency and Need**: There is no indication from the provided information that Cultura has an immediate need for AI technology or high-performance computing solutions. Their emphasis on design and installation services suggests that they are not currently seeking to integrate AI into their operations. **(Negative factor)**

6. **Hiring Activity**: The text indicates that there are no current job openings, which may suggest a stable or stagnant growth phase. A lack of hiring could imply that they are not expanding into new areas, such as AI technology. **(Negative factor)**

Based on these considerations, I estimate a low probability of interest at 20%. This reflects the lack of alignment between Cultura's business model and the product offering. A higher percentage was not chosen due to the clear disconnect between their services and the technological nature of the Autonomous Brainy workstations.

### OPEN ROLES: 
None found.

### RECENT NEWS OR GROWTH SIGNALS: 
No recent news or growth signals were identified in the provided text.

### PRODUCT FIT: 
Weak fit. Cultura's focus on furniture and workspace design does not align with the technological capabilities and target audience of the Autonomous Brainy workstations.

### RED FLAGS: 
None found.",20%
Sonder,sonder.com,http://sonder.com,1100,Yes,"The analysis of Sonder's website and additional sources indicates that there is an active careers page with job listings. The careers section explicitly invites potential candidates to ""Join our team"" and mentions ""Browse open positions,"" which implies that there are current job openings available for application. Furthermore, the presence of a LinkedIn page for Sonder also supports the likelihood of job availability, as companies typically post job openings on their LinkedIn profiles. Therefore, there is concrete evidence of job availability through the active careers page and the invitation to browse open positions.","Careers page info: Active careers page found with job listings | Active careers page found with job listings | LinkedIn info: LinkedIn page found: https://www.linkedin.com/company/sondercom | Company: SonderCom | Description: SonderCom  Tell Your Story.  Web Design
Content
Social Scheduling 
PPC
SEO
Lead Generation
Storyboar... | Job indicators found: jobs | Company size: 1 employees | Industry: Advertising Services | Explored 'http://sonder.com/careers'. | AI wanted to visit an already explored page. Stopping this path.","PERCENTAGE: [15%]

REASONING:
To arrive at the probability that Sonder would be interested in the Autonomous Brainy AI workstation series, I considered several key factors, both positive and negative, that could influence their interest.

1. **Industry Fit**: Sonder operates in the hospitality and real estate sector, focusing on providing unique stays and experiences through technology. While they utilize technology to enhance guest experiences, their primary focus is not on AI development or research. This significantly lowers the probability of interest in high-performance AI workstations, as their core business does not directly align with AI model training or inference.

2. **Company Size and Structure**: Sonder is a relatively large company with approximately 1,400 employees across multiple cities. Larger companies may have more resources to invest in advanced technology, but their focus on hospitality rather than tech development suggests that they may not prioritize high-performance AI workstations. This factor slightly decreases the probability.

3. **Budget Considerations**: The price range of the Autonomous Brainy workstations (from $5,000 to $32,000) indicates a significant investment. Given that Sonder's primary business model revolves around hospitality, it is unlikely they have a budget allocated for such specialized AI hardware, further decreasing the probability of interest.

4. **Urgency and Need**: There is no indication from the provided text that Sonder is currently seeking to enhance their AI capabilities or invest in AI infrastructure. Without a clear need or urgency for such technology, the probability remains low.

5. **Recent News or Growth Signals**: The text does not provide any recent news or signals indicating that Sonder is expanding into AI or tech development. This absence of growth signals related to AI further supports a lower probability of interest.

Based on these factors, I estimate the probability of Sonder being interested in the Autonomous Brainy AI workstation series to be around 15%. This number reflects a low likelihood due to the mismatch between their business focus and the product offering.

- **Calculation Process**: 
   - Industry Fit: -40% (hospitality vs. tech)
   - Company Size: -10% (larger companies may have resources but not aligned focus)
   - Budget: -20% (high investment not aligned with their needs)
   - Urgency: -10% (no current need indicated)
   - Total: 100% - (40% + 10% + 20% + 10%) = 20% 
   - Adjusted for lack of growth signals: 20% - 5% = 15%

I did not choose a higher number because the factors overwhelmingly indicate a lack of alignment with their business model and needs. Conversely, I did not choose a lower number than 15% because there is a slight chance that they may explore AI technology in the future, albeit unlikely.

---

**OPEN ROLES**: None found.

**RECENT NEWS OR GROWTH SIGNALS**: No recent news or signals of growth related to AI or technology investment were found in the provided text.

**PRODUCT FIT**: Weak fit. The product is highly specialized for AI development, which does not align with Sonder's core business in hospitality.

**RED FLAGS**: None found.",15%
MuteSix,mutesix.com,http://mutesix.com,101-250,No,"The analysis of the MuteSix website and the specific ""Join the Team"" section did not reveal any concrete evidence of current job openings, job listings, or application forms. While the website contains a careers page and mentions that they are looking for team members, it does not provide specific roles, listings, or application instructions that indicate active job availability. There were no links to job postings or any schema.org JobPosting markup found on the site. Therefore, without explicit evidence of available jobs, the decision is marked as NO.",No additional sources found | Explored 'http://mutesix.com/join-the-team#standard_section_5'. | Explored 'https://mutesix.com/join-the-team/'. | AI wanted to visit an already explored page. Stopping this path.,"PERCENTAGE: [70%]  
REASONING:  

To arrive at the probability that MuteSix would be interested in the Autonomous Brainy product, I considered several key factors that could influence their interest level. 

### Key Positive Factors:
1. **Industry Relevance**: MuteSix operates in the digital marketing and performance marketing space, which increasingly relies on AI technologies for data analysis, customer targeting, and campaign optimization. The Autonomous Brainy, with its high-performance AI capabilities, could enhance their analytical and creative processes.
   
2. **Product Fit**: The Autonomous Brainy is designed for developers and researchers, which aligns with MuteSix's need for advanced tools to analyze data and create effective marketing strategies. The ability to run models with up to 70 billion parameters locally could provide them with a competitive edge in performance marketing.

3. **Budget**: MuteSix appears to have a substantial budget for marketing and technology, as evidenced by their reported revenue and successful case studies. This suggests they could afford high-end AI workstations.

4. **Growth Orientation**: MuteSix's mission to help brands achieve limitless scale indicates a forward-thinking approach, which may lead them to invest in cutting-edge technology like the Autonomous Brainy.

### Key Negative Factors:
1. **Specific Needs**: While MuteSix is involved in performance marketing, their specific needs for AI technology may vary. If their current tools are sufficient for their operations, they may not see an immediate need for additional hardware.

2. **Market Competition**: The digital marketing space is highly competitive, and MuteSix may prioritize investments that directly impact their service offerings, potentially sidelining hardware purchases.

3. **Focus on Services**: MuteSix emphasizes service-oriented solutions and may prioritize software and service enhancements over hardware investments.

### Calculation Process:
- I started with a baseline probability of 50% due to the general relevance of AI in marketing.
- I added 20% for the strong alignment of the product with their operational needs and budget.
- I subtracted 10% due to the potential for existing sufficient tools and the focus on services rather than hardware.
- This results in a final probability of 70%.

### Conclusion:
I did not choose a higher number (e.g., 90%) because while there is a significant alignment, the specific needs and focus of MuteSix may not necessitate the immediate acquisition of high-performance hardware. Conversely, I did not choose a lower number (e.g., 40%) because the relevance of AI in their industry and their budget capacity suggest a reasonable interest level.

### OPEN ROLES: 
None found.

### RECENT NEWS OR GROWTH SIGNALS: 
There were no specific recent news articles or growth signals identified in the provided text that indicate significant changes or expansions within MuteSix.

### PRODUCT FIT: 
The product fit is strong, as the Autonomous Brainy could enhance MuteSix's capabilities in data analysis and campaign optimization, which are critical in their performance marketing efforts.

### RED FLAGS: 
None found.",70%
Applied Intuition,applied.co,http://applied.co,11,No,"The analysis of the company's website and additional sources indicates that while there is a careers page stating ""We're Hiring"" and inviting potential candidates to apply, there are no specific job listings, open positions, or application forms provided on the page. The presence of a careers page alone does not constitute concrete evidence of job availability. Therefore, without explicit evidence of available jobs, the decision is marked as NO.",Careers page info: Careers page exists but no clear job listings | Careers page exists but no clear job listings | Careers page exists but no clear job listings | Explored 'http://applied.co/careers'. | AI wanted to visit an already explored page. Stopping this path.,"PERCENTAGE: [70%]  
REASONING:  

To arrive at the probability that Applied Intuition would be interested in the Autonomous Brainy AI workstation series, I considered several key factors:

1. **Industry Alignment**: Applied Intuition operates in the automotive and AI sectors, focusing on advanced driver-assistance systems (ADAS) and autonomous driving technology. The Autonomous Brainy workstations, with their high-performance capabilities, are designed for AI development, which aligns well with the needs of a company that develops AI-powered vehicle intelligence. This alignment increases the probability of interest significantly.

2. **Company Size and Growth**: Applied Intuition has recently closed a Series F funding round at a $15 billion valuation, indicating strong financial backing and growth potential. A company of this size is likely to have a substantial budget for high-performance computing resources, which further increases the likelihood of interest in our product.

3. **Product Fit**: The Autonomous Brainy workstations are designed for developers and researchers, which fits the profile of Applied Intuition's engineering teams who are likely involved in developing and testing AI models. This strong product fit enhances the probability of interest.

4. **Urgency and Demand for Performance**: The automotive industry is rapidly evolving, with increasing demands for high-performance computing to handle complex AI models. As Applied Intuition is focused on developing next-generation vehicle intelligence, the urgency for robust AI workstations is high, which positively influences the probability.

5. **Budget Considerations**: Given the recent funding and the nature of their work, it is reasonable to assume that Applied Intuition has the budget to invest in high-performance workstations. However, the specific budget allocation for such hardware is not explicitly stated, which introduces some uncertainty.

6. **Hiring Activity**: The company is actively hiring, which suggests growth and a need for additional resources, including computing power. This is a positive indicator for potential interest in our product.

7. **Competitive Landscape**: The market for AI workstations is competitive, and Applied Intuition may already have established partnerships or preferred vendors for their hardware needs. This could decrease the probability of interest slightly, as they may not be looking to switch or add new suppliers.

Based on these factors, I estimate the probability of interest at 70%. The strong alignment of our product with their needs and the companyâ€™s growth trajectory support a higher probability, while the competitive landscape and potential existing vendor relationships introduce some caution.

### OPEN ROLES:
None found.

### RECENT NEWS OR GROWTH SIGNALS:
Applied Intuition recently closed a Series F funding round at a $15 billion valuation, indicating strong financial health and growth potential. They are also expanding their presence in the UK and have plans for significant investment, which suggests ongoing growth and a need for enhanced capabilities.

### PRODUCT FIT:
There is a strong fit between Applied Intuition and our product. The high-performance capabilities of the Autonomous Brainy workstations align well with the needs of their engineering teams working on AI development for vehicle intelligence.

### RED FLAGS:
None found.",70%
